index,count,day_of_week,month,season
2020-01-02,2,3,1,1
2020-01-03,2,4,1,1
2020-01-04,2,5,1,1
2020-01-05,1,6,1,1
2020-01-06,1,0,1,1
2020-01-07,1,1,1,1
2020-01-08,1,2,1,1
2020-01-09,1,3,1,1
2020-01-10,1,4,1,1
2020-01-11,1,5,1,1
2020-01-12,1,6,1,1
2020-01-13,1,0,1,1
2020-01-14,1,1,1,1
2020-01-15,4,2,1,1
2020-01-16,4,3,1,1
2020-01-17,7,4,1,1
2020-01-18,17,5,1,1
2020-01-19,14,6,1,1
2020-01-20,17,0,1,1
2020-01-21,24,1,1,1
2020-01-22,17,2,1,1
2020-01-23,21,3,1,1
2020-01-24,24,4,1,1
2020-01-25,40,5,1,1
2020-01-26,11,6,1,1
2020-01-27,28,0,1,1
2020-01-28,42,1,1,1
2020-01-29,41,2,1,1
2020-01-30,38,3,1,1
2020-01-31,49,4,1,1
2020-02-01,65,5,2,1
2020-02-02,25,6,2,1
2020-02-03,50,0,2,1
2020-02-04,39,1,2,1
2020-02-05,46,2,2,1
2020-02-06,52,3,2,1
2020-02-07,52,4,2,1
2020-02-08,66,5,2,1
2020-02-09,36,6,2,1
2020-02-10,63,0,2,1
2020-02-11,61,1,2,1
2020-02-12,51,2,2,1
2020-02-13,58,3,2,1
2020-02-14,66,4,2,1
2020-02-15,80,5,2,1
2020-02-16,33,6,2,1
2020-02-17,58,0,2,1
2020-02-18,65,1,2,1
2020-02-19,76,2,2,1
2020-02-20,68,3,2,1
2020-02-21,89,4,2,1
2020-02-22,130,5,2,1
2020-02-23,56,6,2,1
2020-02-24,187,0,2,1
2020-02-25,192,1,2,1
2020-02-26,169,2,2,1
2020-02-27,142,3,2,1
2020-02-28,136,4,2,1
2020-02-29,152,5,2,1
2020-03-01,29,6,3,1
2020-03-02,106,0,3,1
2020-03-03,120,1,3,1
2020-03-04,125,2,3,1
2020-03-05,138,3,3,1
2020-03-06,158,4,3,1
2020-03-07,175,5,3,1
2020-03-08,72,6,3,1
2020-03-09,113,0,3,1
2020-03-10,126,1,3,1
2020-03-11,142,2,3,1
2020-03-12,147,3,3,1
2020-03-13,148,4,3,1
2020-03-14,153,5,3,1
2020-03-15,74,6,3,1
2020-03-16,117,0,3,1
2020-03-17,92,1,3,1
2020-03-18,88,2,3,1
2020-03-19,88,3,3,1
2020-03-20,106,4,3,1
2020-03-21,132,5,3,1
2020-03-22,67,6,3,1
2020-03-23,123,0,3,1
2020-03-24,104,1,3,1
2020-03-25,111,2,3,1
2020-03-26,105,3,3,1
2020-03-27,107,4,3,1
2020-03-28,124,5,3,1
2020-03-29,72,6,3,1
2020-03-30,107,0,3,1
2020-03-31,98,1,3,1
2020-04-01,81,2,4,2
2020-04-02,70,3,4,2
2020-04-03,76,4,4,2
2020-04-04,90,5,4,2
2020-04-05,29,6,4,2
2020-04-06,146,0,4,2
2020-04-07,157,1,4,2
2020-04-08,161,2,4,2
2020-04-09,176,3,4,2
2020-04-10,166,4,4,2
2020-04-11,282,5,4,2
2020-04-12,96,6,4,2
2020-04-13,136,0,4,2
2020-04-14,251,1,4,2
2020-04-15,239,2,4,2
2020-04-16,237,3,4,2
2020-04-17,242,4,4,2
2020-04-18,246,5,4,2
2020-04-19,38,6,4,2
2020-04-20,68,0,4,2
2020-04-21,71,1,4,2
2020-04-22,86,2,4,2
2020-04-23,96,3,4,2
2020-04-24,112,4,4,2
2020-04-25,117,5,4,2
2020-04-26,57,6,4,2
2020-04-27,166,0,4,2
2020-04-28,160,1,4,2
2020-04-29,167,2,4,2
2020-04-30,180,3,4,2
2020-05-01,149,4,5,2
2020-05-02,257,5,5,2
2020-05-03,65,6,5,2
2020-05-04,145,0,5,2
2020-05-05,135,1,5,2
2020-05-06,139,2,5,2
2020-05-07,151,3,5,2
2020-05-08,167,4,5,2
2020-05-09,178,5,5,2
2020-05-10,82,6,5,2
2020-05-11,164,0,5,2
2020-05-12,183,1,5,2
2020-05-13,201,2,5,2
2020-05-14,198,3,5,2
2020-05-15,202,4,5,2
2020-05-16,219,5,5,2
2020-05-17,107,6,5,2
2020-05-18,241,0,5,2
2020-05-19,263,1,5,2
2020-05-20,259,2,5,2
2020-05-21,256,3,5,2
2020-05-22,366,4,5,2
2020-05-23,385,5,5,2
2020-05-24,163,6,5,2
2020-05-25,247,0,5,2
2020-05-26,253,1,5,2
2020-05-27,239,2,5,2
2020-05-28,248,3,5,2
2020-05-29,268,4,5,2
2020-05-30,312,5,5,2
2020-05-31,129,6,5,2
2020-06-01,162,0,6,2
2020-06-02,333,1,6,2
2020-06-03,339,2,6,2
2020-06-04,342,3,6,2
2020-06-05,348,4,6,2
2020-06-06,358,5,6,2
2020-06-07,202,6,6,2
2020-06-08,336,0,6,2
2020-06-09,336,1,6,2
2020-06-10,361,2,6,2
2020-06-11,336,3,6,2
2020-06-12,427,4,6,2
2020-06-13,420,5,6,2
2020-06-14,95,6,6,2
2020-06-15,235,0,6,2
2020-06-16,242,1,6,2
2020-06-17,239,2,6,2
2020-06-18,241,3,6,2
2020-06-19,249,4,6,2
2020-06-20,260,5,6,2
2020-06-21,121,6,6,2
2020-06-22,221,0,6,2
2020-06-23,223,1,6,2
2020-06-24,224,2,6,2
2020-06-25,238,3,6,2
2020-06-26,229,4,6,2
2020-06-27,256,5,6,2
2020-06-28,147,6,6,2
2020-06-29,241,0,6,2
2020-06-30,226,1,6,2
2020-07-01,186,2,7,3
2020-07-02,199,3,7,3
2020-07-03,208,4,7,3
2020-07-04,233,5,7,3
2020-07-05,117,6,7,3
2020-07-06,256,0,7,3
2020-07-07,251,1,7,3
2020-07-08,248,2,7,3
2020-07-09,255,3,7,3
2020-07-10,270,4,7,3
2020-07-11,287,5,7,3
2020-07-12,147,6,7,3
2020-07-13,265,0,7,3
2020-07-14,283,1,7,3
2020-07-15,271,2,7,3
2020-07-16,293,3,7,3
2020-07-17,285,4,7,3
2020-07-18,324,5,7,3
2020-07-19,159,6,7,3
2020-07-20,245,0,7,3
2020-07-21,241,1,7,3
2020-07-22,259,2,7,3
2020-07-23,276,3,7,3
2020-07-24,289,4,7,3
2020-07-25,308,5,7,3
2020-07-26,150,6,7,3
2020-07-27,279,0,7,3
2020-07-28,288,1,7,3
2020-07-29,288,2,7,3
2020-07-30,288,3,7,3
2020-07-31,295,4,7,3
2020-08-01,307,5,8,3
2020-08-02,178,6,8,3
2020-08-03,297,0,8,3
2020-08-04,304,1,8,3
2020-08-05,299,2,8,3
2020-08-06,292,3,8,3
2020-08-07,328,4,8,3
2020-08-08,357,5,8,3
2020-08-09,227,6,8,3
2020-08-10,356,0,8,3
2020-08-11,373,1,8,3
2020-08-12,379,2,8,3
2020-08-13,407,3,8,3
2020-08-14,426,4,8,3
2020-08-15,326,5,8,3
2020-08-16,222,6,8,3
2020-08-17,407,0,8,3
2020-08-18,398,1,8,3
2020-08-19,395,2,8,3
2020-08-20,416,3,8,3
2020-08-21,426,4,8,3
2020-08-22,468,5,8,3
2020-08-23,289,6,8,3
2020-08-24,410,0,8,3
2020-08-25,418,1,8,3
2020-08-26,414,2,8,3
2020-08-27,426,3,8,3
2020-08-28,432,4,8,3
2020-08-29,464,5,8,3
2020-08-30,307,6,8,3
2020-08-31,422,0,8,3
2020-09-01,386,1,9,3
2020-09-02,365,2,9,3
2020-09-03,363,3,9,3
2020-09-04,365,4,9,3
2020-09-05,370,5,9,3
2020-09-06,155,6,9,3
2020-09-07,293,0,9,3
2020-09-08,312,1,9,3
2020-09-09,300,2,9,3
2020-09-10,319,3,9,3
2020-09-11,345,4,9,3
2020-09-12,371,5,9,3
2020-09-13,195,6,9,3
2020-09-14,312,0,9,3
2020-09-15,319,1,9,3
2020-09-16,320,2,9,3
2020-09-17,323,3,9,3
2020-09-18,360,4,9,3
2020-09-19,364,5,9,3
2020-09-20,190,6,9,3
2020-09-21,288,0,9,3
2020-09-22,267,1,9,3
2020-09-23,272,2,9,3
2020-09-24,283,3,9,3
2020-09-25,291,4,9,3
2020-09-26,324,5,9,3
2020-09-27,188,6,9,3
2020-09-28,324,0,9,3
2020-09-29,323,1,9,3
2020-09-30,331,2,9,3
2020-10-01,358,3,10,4
2020-10-02,372,4,10,4
2020-10-03,229,5,10,4
2020-10-04,183,6,10,4
2020-10-05,311,0,10,4
2020-10-06,329,1,10,4
2020-10-07,322,2,10,4
2020-10-08,316,3,10,4
2020-10-09,341,4,10,4
2020-10-10,347,5,10,4
2020-10-11,155,6,10,4
2020-10-12,279,0,10,4
2020-10-13,285,1,10,4
2020-10-14,290,2,10,4
2020-10-15,318,3,10,4
2020-10-16,323,4,10,4
2020-10-17,317,5,10,4
2020-10-18,152,6,10,4
2020-10-19,221,0,10,4
2020-10-20,229,1,10,4
2020-10-21,233,2,10,4
2020-10-22,237,3,10,4
2020-10-23,243,4,10,4
2020-10-24,269,5,10,4
2020-10-25,111,6,10,4
2020-10-26,240,0,10,4
2020-10-27,244,1,10,4
2020-10-28,256,2,10,4
2020-10-29,254,3,10,4
2020-10-30,274,4,10,4
2020-10-31,270,5,10,4
2020-11-01,92,6,11,4
2020-11-02,303,0,11,4
2020-11-03,302,1,11,4
2020-11-04,311,2,11,4
2020-11-05,307,3,11,4
2020-11-06,324,4,11,4
2020-11-07,321,5,11,4
2020-11-08,154,6,11,4
2020-11-09,246,0,11,4
2020-11-10,232,1,11,4
2020-11-11,236,2,11,4
2020-11-12,251,3,11,4
2020-11-13,254,4,11,4
2020-11-14,293,5,11,4
2020-11-15,162,6,11,4
2020-11-16,259,0,11,4
2020-11-17,297,1,11,4
2020-11-18,290,2,11,4
2020-11-19,309,3,11,4
2020-11-20,309,4,11,4
2020-11-21,326,5,11,4
2020-11-22,168,6,11,4
2020-11-23,259,0,11,4
2020-11-24,255,1,11,4
2020-11-25,243,2,11,4
2020-11-26,255,3,11,4
2020-11-27,267,4,11,4
2020-11-28,272,5,11,4
2020-11-29,129,6,11,4
2020-11-30,267,0,11,4
2020-12-01,281,1,12,4
2020-12-02,275,2,12,4
2020-12-03,274,3,12,4
2020-12-04,282,4,12,4
2020-12-05,295,5,12,4
2020-12-06,193,6,12,4
2020-12-07,264,0,12,4
2020-12-08,278,1,12,4
2020-12-09,276,2,12,4
2020-12-10,256,3,12,4
2020-12-11,283,4,12,4
2020-12-12,291,5,12,4
2020-12-13,139,6,12,4
2020-12-14,200,0,12,4
2020-12-15,202,1,12,4
2020-12-16,201,2,12,4
2020-12-17,192,3,12,4
2020-12-18,212,4,12,4
2020-12-19,238,5,12,4
2020-12-20,159,6,12,4
2020-12-21,295,0,12,4
2020-12-22,319,1,12,4
2020-12-23,315,2,12,4
2020-12-24,348,3,12,4
2020-12-25,236,4,12,4
2020-12-26,236,5,12,4
2020-12-27,233,6,12,4
2020-12-28,449,0,12,4
2020-12-29,465,1,12,4
2020-12-30,454,2,12,4
2020-12-31,454,3,12,4
2021-01-01,232,4,1,1
2021-01-02,292,5,1,1
2021-01-03,156,6,1,1
2021-01-04,162,0,1,1
2021-01-05,164,1,1,1
2021-01-06,138,2,1,1
2021-01-07,160,3,1,1
2021-01-08,154,4,1,1
2021-01-09,159,5,1,1
2021-01-10,42,6,1,1
2021-01-11,66,0,1,1
2021-01-12,73,1,1,1
2021-01-13,66,2,1,1
2021-01-14,81,3,1,1
2021-01-15,76,4,1,1
2021-01-16,82,5,1,1
2021-01-17,40,6,1,1
2021-01-18,70,0,1,1
2021-01-19,76,1,1,1
2021-01-20,79,2,1,1
2021-01-21,76,3,1,1
2021-01-22,85,4,1,1
2021-01-23,99,5,1,1
2021-01-24,44,6,1,1
2021-01-25,86,0,1,1
2021-01-26,75,1,1,1
2021-01-27,74,2,1,1
2021-01-28,92,3,1,1
2021-01-29,83,4,1,1
2021-01-30,84,5,1,1
2021-01-31,29,6,1,1
2021-02-01,72,0,2,1
2021-02-02,69,1,2,1
2021-02-03,63,2,2,1
2021-02-04,66,3,2,1
2021-02-05,66,4,2,1
2021-02-06,82,5,2,1
2021-02-07,33,6,2,1
2021-02-08,100,0,2,1
2021-02-09,90,1,2,1
2021-02-10,93,2,2,1
2021-02-11,97,3,2,1
2021-02-12,110,4,2,1
2021-02-13,114,5,2,1
2021-02-14,51,6,2,1
2021-02-15,153,0,2,1
2021-02-16,146,1,2,1
2021-02-17,128,2,2,1
2021-02-18,119,3,2,1
2021-02-19,119,4,2,1
2021-02-20,108,5,2,1
2021-02-21,31,6,2,1
2021-02-22,90,0,2,1
2021-02-23,97,1,2,1
2021-02-24,110,2,2,1
2021-02-25,111,3,2,1
2021-02-26,111,4,2,1
2021-02-27,121,5,2,1
2021-02-28,54,6,2,1
2021-03-01,128,0,3,1
2021-03-02,142,1,3,1
2021-03-03,138,2,3,1
2021-03-04,145,3,3,1
2021-03-05,147,4,3,1
2021-03-06,151,5,3,1
2021-03-07,60,6,3,1
2021-03-08,116,0,3,1
2021-03-09,125,1,3,1
2021-03-10,125,2,3,1
2021-03-11,118,3,3,1
2021-03-12,122,4,3,1
2021-03-13,138,5,3,1
2021-03-14,44,6,3,1
2021-03-15,153,0,3,1
2021-03-16,143,1,3,1
2021-03-17,157,2,3,1
2021-03-18,175,3,3,1
2021-03-19,181,4,3,1
2021-03-20,187,5,3,1
2021-03-21,83,6,3,1
2021-03-22,147,0,3,1
2021-03-23,159,1,3,1
2021-03-24,148,2,3,1
2021-03-25,154,3,3,1
2021-03-26,173,4,3,1
2021-03-27,177,5,3,1
2021-03-28,73,6,3,1
2021-03-29,199,0,3,1
2021-03-30,211,1,3,1
2021-03-31,216,2,3,1
2021-04-01,244,3,4,2
2021-04-02,216,4,4,2
2021-04-03,345,5,4,2
2021-04-04,141,6,4,2
2021-04-05,190,0,4,2
2021-04-06,282,1,4,2
2021-04-07,284,2,4,2
2021-04-08,288,3,4,2
2021-04-09,287,4,4,2
2021-04-10,274,5,4,2
2021-04-11,66,6,4,2
2021-04-12,140,0,4,2
2021-04-13,145,1,4,2
2021-04-14,140,2,4,2
2021-04-15,143,3,4,2
2021-04-16,153,4,4,2
2021-04-17,177,5,4,2
2021-04-18,86,6,4,2
2021-04-19,132,0,4,2
2021-04-20,133,1,4,2
2021-04-21,131,2,4,2
2021-04-22,133,3,4,2
2021-04-23,128,4,4,2
2021-04-24,133,5,4,2
2021-04-25,40,6,4,2
2021-04-26,123,0,4,2
2021-04-27,123,1,4,2
2021-04-28,140,2,4,2
2021-04-29,143,3,4,2
2021-04-30,160,4,4,2
2021-05-01,55,5,5,2
2021-05-02,52,6,5,2
2021-05-03,184,0,5,2
2021-05-04,173,1,5,2
2021-05-05,178,2,5,2
2021-05-06,185,3,5,2
2021-05-07,201,4,5,2
2021-05-08,212,5,5,2
2021-05-09,117,6,5,2
2021-05-10,254,0,5,2
2021-05-11,243,1,5,2
2021-05-12,258,2,5,2
2021-05-13,240,3,5,2
2021-05-14,333,4,5,2
2021-05-15,340,5,5,2
2021-05-16,123,6,5,2
2021-05-17,240,0,5,2
2021-05-18,243,1,5,2
2021-05-19,255,2,5,2
2021-05-20,271,3,5,2
2021-05-21,285,4,5,2
2021-05-22,332,5,5,2
2021-05-23,126,6,5,2
2021-05-24,141,0,5,2
2021-05-25,310,1,5,2
2021-05-26,306,2,5,2
2021-05-27,305,3,5,2
2021-05-28,304,4,5,2
2021-05-29,322,5,5,2
2021-05-30,159,6,5,2
2021-05-31,272,0,5,2
2021-06-01,295,1,6,2
2021-06-02,288,2,6,2
2021-06-03,255,3,6,2
2021-06-04,366,4,6,2
2021-06-05,365,5,6,2
2021-06-06,92,6,6,2
2021-06-07,200,0,6,2
2021-06-08,209,1,6,2
2021-06-09,217,2,6,2
2021-06-10,239,3,6,2
2021-06-11,243,4,6,2
2021-06-12,241,5,6,2
2021-06-13,103,6,6,2
2021-06-14,233,0,6,2
2021-06-15,242,1,6,2
2021-06-16,251,2,6,2
2021-06-17,273,3,6,2
2021-06-18,272,4,6,2
2021-06-19,273,5,6,2
2021-06-20,128,6,6,2
2021-06-21,240,0,6,2
2021-06-22,237,1,6,2
2021-06-23,236,2,6,2
2021-06-24,230,3,6,2
2021-06-25,228,4,6,2
2021-06-26,268,5,6,2
2021-06-27,122,6,6,2
2021-06-28,253,0,6,2
2021-06-29,271,1,6,2
2021-06-30,255,2,6,2
2021-07-01,247,3,7,3
2021-07-02,248,4,7,3
2021-07-03,265,5,7,3
2021-07-04,122,6,7,3
2021-07-05,221,0,7,3
2021-07-06,227,1,7,3
2021-07-07,229,2,7,3
2021-07-08,238,3,7,3
2021-07-09,257,4,7,3
2021-07-10,284,5,7,3
2021-07-11,160,6,7,3
2021-07-12,283,0,7,3
2021-07-13,300,1,7,3
2021-07-14,292,2,7,3
2021-07-15,290,3,7,3
2021-07-16,317,4,7,3
2021-07-17,326,5,7,3
2021-07-18,164,6,7,3
2021-07-19,285,0,7,3
2021-07-20,293,1,7,3
2021-07-21,279,2,7,3
2021-07-22,279,3,7,3
2021-07-23,277,4,7,3
2021-07-24,309,5,7,3
2021-07-25,149,6,7,3
2021-07-26,261,0,7,3
2021-07-27,265,1,7,3
2021-07-28,269,2,7,3
2021-07-29,271,3,7,3
2021-07-30,271,4,7,3
2021-07-31,300,5,7,3
2021-08-01,111,6,8,3
2021-08-02,269,0,8,3
2021-08-03,284,1,8,3
2021-08-04,302,2,8,3
2021-08-05,296,3,8,3
2021-08-06,305,4,8,3
2021-08-07,337,5,8,3
2021-08-08,229,6,8,3
2021-08-09,368,0,8,3
2021-08-10,380,1,8,3
2021-08-11,376,2,8,3
2021-08-12,393,3,8,3
2021-08-13,416,4,8,3
2021-08-14,440,5,8,3
2021-08-15,266,6,8,3
2021-08-16,398,0,8,3
2021-08-17,393,1,8,3
2021-08-18,394,2,8,3
2021-08-19,402,3,8,3
2021-08-20,417,4,8,3
2021-08-21,435,5,8,3
2021-08-22,243,6,8,3
2021-08-23,378,0,8,3
2021-08-24,385,1,8,3
2021-08-25,379,2,8,3
2021-08-26,398,3,8,3
2021-08-27,403,4,8,3
2021-08-28,428,5,8,3
2021-08-29,250,6,8,3
2021-08-30,376,0,8,3
2021-08-31,395,1,8,3
2021-09-01,359,2,9,3
2021-09-02,353,3,9,3
2021-09-03,355,4,9,3
2021-09-04,376,5,9,3
2021-09-05,219,6,9,3
2021-09-06,372,0,9,3
2021-09-07,374,1,9,3
2021-09-08,394,2,9,3
2021-09-09,375,3,9,3
2021-09-10,389,4,9,3
2021-09-11,402,5,9,3
2021-09-12,219,6,9,3
2021-09-13,360,0,9,3
2021-09-14,359,1,9,3
2021-09-15,330,2,9,3
2021-09-16,346,3,9,3
2021-09-17,351,4,9,3
2021-09-18,381,5,9,3
2021-09-19,219,6,9,3
2021-09-20,345,0,9,3
2021-09-21,343,1,9,3
2021-09-22,344,2,9,3
2021-09-23,351,3,9,3
2021-09-24,362,4,9,3
2021-09-25,367,5,9,3
2021-09-26,211,6,9,3
2021-09-27,342,0,9,3
2021-09-28,348,1,9,3
2021-09-29,332,2,9,3
2021-09-30,335,3,9,3
2021-10-01,321,4,10,4
2021-10-02,334,5,10,4
2021-10-03,129,6,10,4
2021-10-04,285,0,10,4
2021-10-05,280,1,10,4
2021-10-06,275,2,10,4
2021-10-07,267,3,10,4
2021-10-08,270,4,10,4
2021-10-09,282,5,10,4
2021-10-10,167,6,10,4
2021-10-11,245,0,10,4
2021-10-12,234,1,10,4
2021-10-13,233,2,10,4
2021-10-14,236,3,10,4
2021-10-15,262,4,10,4
2021-10-16,259,5,10,4
2021-10-17,139,6,10,4
2021-10-18,225,0,10,4
2021-10-19,250,1,10,4
2021-10-20,262,2,10,4
2021-10-21,265,3,10,4
2021-10-22,271,4,10,4
2021-10-23,264,5,10,4
2021-10-24,134,6,10,4
2021-10-25,222,0,10,4
2021-10-26,223,1,10,4
2021-10-27,204,2,10,4
2021-10-28,216,3,10,4
2021-10-29,224,4,10,4
2021-10-30,258,5,10,4
2021-10-31,84,6,10,4
2021-11-01,114,0,11,4
2021-11-02,290,1,11,4
2021-11-03,284,2,11,4
2021-11-04,291,3,11,4
2021-11-05,270,4,11,4
2021-11-06,260,5,11,4
2021-11-07,80,6,11,4
2021-11-08,173,0,11,4
2021-11-09,190,1,11,4
2021-11-10,191,2,11,4
2021-11-11,207,3,11,4
2021-11-12,202,4,11,4
2021-11-13,221,5,11,4
2021-11-14,130,6,11,4
2021-11-15,207,0,11,4
2021-11-16,208,1,11,4
2021-11-17,200,2,11,4
2021-11-18,214,3,11,4
2021-11-19,230,4,11,4
2021-11-20,254,5,11,4
2021-11-21,131,6,11,4
2021-11-22,216,0,11,4
2021-11-23,217,1,11,4
2021-11-24,220,2,11,4
2021-11-25,230,3,11,4
2021-11-26,252,4,11,4
2021-11-27,261,5,11,4
2021-11-28,134,6,11,4
2021-11-29,238,0,11,4
2021-11-30,244,1,11,4
2021-12-01,262,2,12,4
2021-12-02,251,3,12,4
2021-12-03,265,4,12,4
2021-12-04,296,5,12,4
2021-12-05,185,6,12,4
2021-12-06,278,0,12,4
2021-12-07,281,1,12,4
2021-12-08,289,2,12,4
2021-12-09,289,3,12,4
2021-12-10,305,4,12,4
2021-12-11,331,5,12,4
2021-12-12,195,6,12,4
2021-12-13,267,0,12,4
2021-12-14,282,1,12,4
2021-12-15,286,2,12,4
2021-12-16,278,3,12,4
2021-12-17,287,4,12,4
2021-12-18,281,5,12,4
2021-12-19,147,6,12,4
2021-12-20,258,0,12,4
2021-12-21,270,1,12,4
2021-12-22,291,2,12,4
2021-12-23,315,3,12,4
2021-12-24,336,4,12,4
2021-12-25,247,5,12,4
2021-12-26,247,6,12,4
2021-12-27,446,0,12,4
2021-12-28,471,1,12,4
2021-12-29,477,2,12,4
2021-12-30,487,3,12,4
2021-12-31,490,4,12,4
2022-01-01,91,5,1,1
2022-01-02,89,6,1,1
2022-01-03,161,0,1,1
2022-01-04,152,1,1,1
2022-01-05,156,2,1,1
2022-01-06,121,3,1,1
2022-01-07,146,4,1,1
2022-01-08,148,5,1,1
2022-01-09,48,6,1,1
2022-01-10,81,0,1,1
2022-01-11,66,1,1,1
2022-01-12,64,2,1,1
2022-01-13,66,3,1,1
2022-01-14,72,4,1,1
2022-01-15,62,5,1,1
2022-01-16,22,6,1,1
2022-01-17,40,0,1,1
2022-01-18,42,1,1,1
2022-01-19,42,2,1,1
2022-01-20,43,3,1,1
2022-01-21,52,4,1,1
2022-01-22,65,5,1,1
2022-01-23,38,6,1,1
2022-01-24,51,0,1,1
2022-01-25,50,1,1,1
2022-01-26,58,2,1,1
2022-01-27,56,3,1,1
2022-01-28,71,4,1,1
2022-01-29,85,5,1,1
2022-01-30,31,6,1,1
2022-01-31,64,0,1,1
2022-02-01,75,1,2,1
2022-02-02,80,2,2,1
2022-02-03,72,3,2,1
2022-02-04,68,4,2,1
2022-02-05,78,5,2,1
2022-02-06,52,6,2,1
2022-02-07,82,0,2,1
2022-02-08,86,1,2,1
2022-02-09,88,2,2,1
2022-02-10,97,3,2,1
2022-02-11,100,4,2,1
2022-02-12,112,5,2,1
2022-02-13,65,6,2,1
2022-02-14,104,0,2,1
2022-02-15,106,1,2,1
2022-02-16,126,2,2,1
2022-02-17,123,3,2,1
2022-02-18,124,4,2,1
2022-02-19,138,5,2,1
2022-02-20,63,6,2,1
2022-02-21,100,0,2,1
2022-02-22,119,1,2,1
2022-02-23,111,2,2,1
2022-02-24,120,3,2,1
2022-02-25,121,4,2,1
2022-02-26,155,5,2,1
2022-02-27,74,6,2,1
2022-02-28,135,0,2,1
2022-03-01,152,1,3,1
2022-03-02,163,2,3,1
2022-03-03,150,3,3,1
2022-03-04,156,4,3,1
2022-03-05,167,5,3,1
2022-03-06,53,6,3,1
2022-03-07,121,0,3,1
2022-03-08,117,1,3,1
2022-03-09,112,2,3,1
2022-03-10,115,3,3,1
2022-03-11,106,4,3,1
2022-03-12,121,5,3,1
2022-03-13,43,6,3,1
2022-03-14,138,0,3,1
2022-03-15,149,1,3,1
2022-03-16,139,2,3,1
2022-03-17,141,3,3,1
2022-03-18,164,4,3,1
2022-03-19,167,5,3,1
2022-03-20,69,6,3,1
2022-03-21,140,0,3,1
2022-03-22,145,1,3,1
2022-03-23,152,2,3,1
2022-03-24,157,3,3,1
2022-03-25,165,4,3,1
2022-03-26,185,5,3,1
2022-03-27,68,6,3,1
2022-03-28,143,0,3,1
2022-03-29,163,1,3,1
2022-03-30,168,2,3,1
2022-03-31,162,3,3,1
2022-04-01,140,4,4,2
2022-04-02,160,5,4,2
2022-04-03,44,6,4,2
2022-04-04,93,0,4,2
2022-04-05,109,1,4,2
2022-04-06,103,2,4,2
2022-04-07,120,3,4,2
2022-04-08,128,4,4,2
2022-04-09,134,5,4,2
2022-04-10,48,6,4,2
2022-04-11,203,0,4,2
2022-04-12,220,1,4,2
2022-04-13,224,2,4,2
2022-04-14,264,3,4,2
2022-04-15,256,4,4,2
2022-04-16,432,5,4,2
2022-04-17,178,6,4,2
2022-04-18,198,0,4,2
2022-04-19,325,1,4,2
2022-04-20,306,2,4,2
2022-04-21,308,3,4,2
2022-04-22,290,4,4,2
2022-04-23,295,5,4,2
2022-04-24,77,6,4,2
2022-04-25,165,0,4,2
2022-04-26,168,1,4,2
2022-04-27,170,2,4,2
2022-04-28,168,3,4,2
2022-04-29,182,4,4,2
2022-04-30,199,5,4,2
2022-05-01,79,6,5,2
2022-05-02,190,0,5,2
2022-05-03,188,1,5,2
2022-05-04,184,2,5,2
2022-05-05,173,3,5,2
2022-05-06,186,4,5,2
2022-05-07,211,5,5,2
2022-05-08,91,6,5,2
2022-05-09,177,0,5,2
2022-05-10,173,1,5,2
2022-05-11,155,2,5,2
2022-05-12,157,3,5,2
2022-05-13,171,4,5,2
2022-05-14,183,5,5,2
2022-05-15,83,6,5,2
2022-05-16,182,0,5,2
2022-05-17,191,1,5,2
2022-05-18,190,2,5,2
2022-05-19,185,3,5,2
2022-05-20,197,4,5,2
2022-05-21,239,5,5,2
2022-05-22,124,6,5,2
2022-05-23,280,0,5,2
2022-05-24,273,1,5,2
2022-05-25,278,2,5,2
2022-05-26,234,3,5,2
2022-05-27,353,4,5,2
2022-05-28,379,5,5,2
2022-05-29,146,6,5,2
2022-05-30,262,0,5,2
2022-05-31,277,1,5,2
2022-06-01,264,2,6,2
2022-06-02,278,3,6,2
2022-06-03,303,4,6,2
2022-06-04,351,5,6,2
2022-06-05,169,6,6,2
2022-06-06,197,0,6,2
2022-06-07,356,1,6,2
2022-06-08,345,2,6,2
2022-06-09,342,3,6,2
2022-06-10,366,4,6,2
2022-06-11,383,5,6,2
2022-06-12,208,6,6,2
2022-06-13,317,0,6,2
2022-06-14,327,1,6,2
2022-06-15,346,2,6,2
2022-06-16,333,3,6,2
2022-06-17,427,4,6,2
2022-06-18,434,5,6,2
2022-06-19,114,6,6,2
2022-06-20,231,0,6,2
2022-06-21,227,1,6,2
2022-06-22,231,2,6,2
2022-06-23,225,3,6,2
2022-06-24,249,4,6,2
2022-06-25,273,5,6,2
2022-06-26,137,6,6,2
2022-06-27,267,0,6,2
2022-06-28,257,1,6,2
2022-06-29,252,2,6,2
2022-06-30,254,3,6,2
2022-07-01,266,4,7,3
2022-07-02,271,5,7,3
2022-07-03,118,6,7,3
2022-07-04,234,0,7,3
2022-07-05,244,1,7,3
2022-07-06,254,2,7,3
2022-07-07,258,3,7,3
2022-07-08,276,4,7,3
2022-07-09,322,5,7,3
2022-07-10,178,6,7,3
2022-07-11,267,0,7,3
2022-07-12,284,1,7,3
2022-07-13,292,2,7,3
2022-07-14,312,3,7,3
2022-07-15,309,4,7,3
2022-07-16,317,5,7,3
2022-07-17,193,6,7,3
2022-07-18,376,0,7,3
2022-07-19,390,1,7,3
2022-07-20,372,2,7,3
2022-07-21,344,3,7,3
2022-07-22,349,4,7,3
2022-07-23,361,5,7,3
2022-07-24,194,6,7,3
2022-07-25,310,0,7,3
2022-07-26,303,1,7,3
2022-07-27,306,2,7,3
2022-07-28,311,3,7,3
2022-07-29,320,4,7,3
2022-07-30,346,5,7,3
2022-07-31,133,6,7,3
2022-08-01,282,0,8,3
2022-08-02,273,1,8,3
2022-08-03,277,2,8,3
2022-08-04,296,3,8,3
2022-08-05,311,4,8,3
2022-08-06,328,5,8,3
2022-08-07,232,6,8,3
2022-08-08,351,0,8,3
2022-08-09,365,1,8,3
2022-08-10,380,2,8,3
2022-08-11,367,3,8,3
2022-08-12,379,4,8,3
2022-08-13,440,5,8,3
2022-08-14,276,6,8,3
2022-08-15,340,0,8,3
2022-08-16,445,1,8,3
2022-08-17,425,2,8,3
2022-08-18,419,3,8,3
2022-08-19,419,4,8,3
2022-08-20,434,5,8,3
2022-08-21,224,6,8,3
2022-08-22,360,0,8,3
2022-08-23,372,1,8,3
2022-08-24,367,2,8,3
2022-08-25,387,3,8,3
2022-08-26,393,4,8,3
2022-08-27,423,5,8,3
2022-08-28,258,6,8,3
2022-08-29,402,0,8,3
2022-08-30,395,1,8,3
2022-08-31,397,2,8,3
2022-09-01,393,3,9,3
2022-09-02,387,4,9,3
2022-09-03,399,5,9,3
2022-09-04,222,6,9,3
2022-09-05,377,0,9,3
2022-09-06,368,1,9,3
2022-09-07,366,2,9,3
2022-09-08,348,3,9,3
2022-09-09,373,4,9,3
2022-09-10,381,5,9,3
2022-09-11,210,6,9,3
2022-09-12,355,0,9,3
2022-09-13,370,1,9,3
2022-09-14,359,2,9,3
2022-09-15,347,3,9,3
2022-09-16,348,4,9,3
2022-09-17,378,5,9,3
2022-09-18,204,6,9,3
2022-09-19,353,0,9,3
2022-09-20,361,1,9,3
2022-09-21,370,2,9,3
2022-09-22,375,3,9,3
2022-09-23,382,4,9,3
2022-09-24,401,5,9,3
2022-09-25,215,6,9,3
2022-09-26,353,0,9,3
2022-09-27,336,1,9,3
2022-09-28,327,2,9,3
2022-09-29,323,3,9,3
2022-09-30,348,4,9,3
2022-10-01,369,5,10,4
2022-10-02,158,6,10,4
2022-10-03,204,0,10,4
2022-10-04,377,1,10,4
2022-10-05,369,2,10,4
2022-10-06,381,3,10,4
2022-10-07,377,4,10,4
2022-10-08,403,5,10,4
2022-10-09,201,6,10,4
2022-10-10,283,0,10,4
2022-10-11,273,1,10,4
2022-10-12,275,2,10,4
2022-10-13,288,3,10,4
2022-10-14,283,4,10,4
2022-10-15,294,5,10,4
2022-10-16,168,6,10,4
2022-10-17,260,0,10,4
2022-10-18,249,1,10,4
2022-10-19,244,2,10,4
2022-10-20,253,3,10,4
2022-10-21,276,4,10,4
2022-10-22,294,5,10,4
2022-10-23,135,6,10,4
2022-10-24,220,0,10,4
2022-10-25,202,1,10,4
2022-10-26,203,2,10,4
2022-10-27,232,3,10,4
2022-10-28,248,4,10,4
2022-10-29,286,5,10,4
2022-10-30,176,6,10,4
2022-10-31,335,0,10,4
2022-11-01,246,1,11,4
2022-11-02,298,2,11,4
2022-11-03,293,3,11,4
2022-11-04,297,4,11,4
2022-11-05,296,5,11,4
2022-11-06,128,6,11,4
2022-11-07,232,0,11,4
2022-11-08,249,1,11,4
2022-11-09,241,2,11,4
2022-11-10,244,3,11,4
2022-11-11,254,4,11,4
2022-11-12,267,5,11,4
2022-11-13,152,6,11,4
2022-11-14,276,0,11,4
2022-11-15,273,1,11,4
2022-11-16,265,2,11,4
2022-11-17,278,3,11,4
2022-11-18,288,4,11,4
2022-11-19,326,5,11,4
2022-11-20,185,6,11,4
2022-11-21,283,0,11,4
2022-11-22,287,1,11,4
2022-11-23,303,2,11,4
2022-11-24,291,3,11,4
2022-11-25,285,4,11,4
2022-11-26,302,5,11,4
2022-11-27,187,6,11,4
2022-11-28,297,0,11,4
2022-11-29,291,1,11,4
2022-11-30,285,2,11,4
2022-12-01,276,3,12,4
2022-12-02,300,4,12,4
2022-12-03,350,5,12,4
2022-12-04,225,6,12,4
2022-12-05,317,0,12,4
2022-12-06,296,1,12,4
2022-12-07,291,2,12,4
2022-12-08,298,3,12,4
2022-12-09,305,4,12,4
2022-12-10,325,5,12,4
2022-12-11,226,6,12,4
2022-12-12,315,0,12,4
2022-12-13,312,1,12,4
2022-12-14,309,2,12,4
2022-12-15,346,3,12,4
2022-12-16,338,4,12,4
2022-12-17,349,5,12,4
2022-12-18,199,6,12,4
2022-12-19,296,0,12,4
2022-12-20,305,1,12,4
2022-12-21,294,2,12,4
2022-12-22,306,3,12,4
2022-12-23,338,4,12,4
2022-12-24,410,5,12,4
2022-12-25,289,6,12,4
2022-12-26,303,0,12,4
2022-12-27,483,1,12,4
2022-12-28,476,2,12,4
2022-12-29,484,3,12,4
2022-12-30,473,4,12,4
2022-12-31,480,5,12,4
2023-01-01,125,6,1,1
2023-01-02,221,0,1,1
2023-01-03,204,1,1,1
2023-01-04,206,2,1,1
2023-01-05,224,3,1,1
2023-01-06,210,4,1,1
2023-01-07,266,5,1,1
2023-01-08,119,6,1,1
2023-01-09,144,0,1,1
2023-01-10,120,1,1,1
2023-01-11,117,2,1,1
2023-01-12,117,3,1,1
2023-01-13,139,4,1,1
2023-01-14,131,5,1,1
2023-01-15,68,6,1,1
2023-01-16,112,0,1,1
2023-01-17,99,1,1,1
2023-01-18,103,2,1,1
2023-01-19,107,3,1,1
2023-01-20,119,4,1,1
2023-01-21,132,5,1,1
2023-01-22,76,6,1,1
2023-01-23,108,0,1,1
2023-01-24,133,1,1,1
2023-01-25,129,2,1,1
2023-01-26,138,3,1,1
2023-01-27,136,4,1,1
2023-01-28,152,5,1,1
2023-01-29,83,6,1,1
2023-01-30,120,0,1,1
2023-01-31,114,1,1,1
2023-02-01,100,2,2,1
2023-02-02,99,3,2,1
2023-02-03,120,4,2,1
2023-02-04,113,5,2,1
2023-02-05,64,6,2,1
2023-02-06,104,0,2,1
2023-02-07,105,1,2,1
2023-02-08,114,2,2,1
2023-02-09,107,3,2,1
2023-02-10,108,4,2,1
2023-02-11,112,5,2,1
2023-02-12,41,6,2,1
2023-02-13,96,0,2,1
2023-02-14,87,1,2,1
2023-02-15,116,2,2,1
2023-02-16,145,3,2,1
2023-02-17,155,4,2,1
2023-02-18,182,5,2,1
2023-02-19,75,6,2,1
2023-02-20,188,0,2,1
2023-02-21,222,1,2,1
2023-02-22,208,2,2,1
2023-02-23,169,3,2,1
2023-02-24,194,4,2,1
2023-02-25,216,5,2,1
2023-02-26,68,6,2,1
2023-02-27,114,0,2,1
2023-02-28,115,1,2,1
2023-03-01,106,2,3,1
2023-03-02,143,3,3,1
2023-03-03,135,4,3,1
2023-03-04,158,5,3,1
2023-03-05,51,6,3,1
2023-03-06,95,0,3,1
2023-03-07,106,1,3,1
2023-03-08,105,2,3,1
2023-03-09,98,3,3,1
2023-03-10,97,4,3,1
2023-03-11,126,5,3,1
2023-03-12,54,6,3,1
2023-03-13,161,0,3,1
2023-03-14,167,1,3,1
2023-03-15,154,2,3,1
2023-03-16,156,3,3,1
2023-03-17,175,4,3,1
2023-03-18,177,5,3,1
2023-03-19,66,6,3,1
2023-03-20,158,0,3,1
2023-03-21,158,1,3,1
2023-03-22,174,2,3,1
2023-03-23,160,3,3,1
2023-03-24,168,4,3,1
2023-03-25,189,5,3,1
2023-03-26,58,6,3,1
2023-03-27,144,0,3,1
2023-03-28,143,1,3,1
2023-03-29,167,2,3,1
2023-03-30,176,3,3,1
2023-03-31,185,4,3,1
2023-04-01,218,5,4,2
2023-04-02,89,6,4,2
2023-04-03,236,0,4,2
2023-04-04,241,1,4,2
2023-04-05,245,2,4,2
2023-04-06,260,3,4,2
2023-04-07,237,4,4,2
2023-04-08,432,5,4,2
2023-04-09,171,6,4,2
2023-04-10,181,0,4,2
2023-04-11,328,1,4,2
2023-04-12,335,2,4,2
2023-04-13,341,3,4,2
2023-04-14,322,4,4,2
2023-04-15,337,5,4,2
2023-04-16,93,6,4,2
2023-04-17,168,0,4,2
2023-04-18,196,1,4,2
2023-04-19,202,2,4,2
2023-04-20,210,3,4,2
2023-04-21,221,4,4,2
2023-04-22,266,5,4,2
2023-04-23,94,6,4,2
2023-04-24,164,0,4,2
2023-04-25,147,1,4,2
2023-04-26,153,2,4,2
2023-04-27,169,3,4,2
2023-04-28,157,4,4,2
2023-04-29,190,5,4,2
2023-04-30,30,6,4,2
2023-05-01,43,0,5,2
2023-05-02,205,1,5,2
2023-05-03,216,2,5,2
2023-05-04,212,3,5,2
2023-05-05,222,4,5,2
2023-05-06,268,5,5,2
2023-05-07,97,6,5,2
2023-05-08,175,0,5,2
2023-05-09,186,1,5,2
2023-05-10,182,2,5,2
2023-05-11,194,3,5,2
2023-05-12,207,4,5,2
2023-05-13,250,5,5,2
2023-05-14,117,6,5,2
2023-05-15,298,0,5,2
2023-05-16,312,1,5,2
2023-05-17,320,2,5,2
2023-05-18,282,3,5,2
2023-05-19,414,4,5,2
2023-05-20,413,5,5,2
2023-05-21,164,6,5,2
2023-05-22,225,0,5,2
2023-05-23,218,1,5,2
2023-05-24,208,2,5,2
2023-05-25,225,3,5,2
2023-05-26,267,4,5,2
2023-05-27,302,5,5,2
2023-05-28,121,6,5,2
2023-05-29,148,0,5,2
2023-05-30,293,1,5,2
2023-05-31,283,2,5,2
2023-06-01,294,3,6,2
2023-06-02,305,4,6,2
2023-06-03,323,5,6,2
2023-06-04,183,6,6,2
2023-06-05,310,0,6,2
2023-06-06,275,1,6,2
2023-06-07,280,2,6,2
2023-06-08,259,3,6,2
2023-06-09,328,4,6,2
2023-06-10,327,5,6,2
2023-06-11,104,6,6,2
2023-06-12,184,0,6,2
2023-06-13,175,1,6,2
2023-06-14,166,2,6,2
2023-06-15,161,3,6,2
2023-06-16,173,4,6,2
2023-06-17,181,5,6,2
2023-06-18,85,6,6,2
2023-06-19,137,0,6,2
2023-06-20,145,1,6,2
2023-06-21,157,2,6,2
2023-06-22,160,3,6,2
2023-06-23,166,4,6,2
2023-06-24,166,5,6,2
2023-06-25,45,6,6,2
2023-06-26,125,0,6,2
2023-06-27,122,1,6,2
2023-06-28,121,2,6,2
2023-06-29,120,3,6,2
2023-06-30,122,4,6,2
2023-07-01,128,5,7,3
2023-07-02,56,6,7,3
2023-07-03,117,0,7,3
2023-07-04,134,1,7,3
2023-07-05,133,2,7,3
2023-07-06,141,3,7,3
2023-07-07,166,4,7,3
2023-07-08,175,5,7,3
2023-07-09,86,6,7,3
2023-07-10,137,0,7,3
2023-07-11,146,1,7,3
2023-07-12,146,2,7,3
2023-07-13,137,3,7,3
2023-07-14,144,4,7,3
2023-07-15,142,5,7,3
2023-07-16,76,6,7,3
2023-07-17,169,0,7,3
2023-07-18,171,1,7,3
2023-07-19,164,2,7,3
2023-07-20,179,3,7,3
2023-07-21,186,4,7,3
2023-07-22,186,5,7,3
2023-07-23,119,6,7,3
2023-07-24,182,0,7,3
2023-07-25,182,1,7,3
2023-07-26,194,2,7,3
2023-07-27,194,3,7,3
2023-07-28,181,4,7,3
2023-07-29,183,5,7,3
2023-07-30,59,6,7,3
2023-07-31,131,0,7,3
2023-08-01,139,1,8,3
2023-08-02,139,2,8,3
2023-08-03,148,3,8,3
2023-08-04,150,4,8,3
2023-08-05,163,5,8,3
2023-08-06,120,6,8,3
2023-08-07,224,0,8,3
2023-08-08,222,1,8,3
2023-08-09,225,2,8,3
2023-08-10,226,3,8,3
2023-08-11,229,4,8,3
2023-08-12,244,5,8,3
2023-08-13,185,6,8,3
2023-08-14,307,0,8,3
2023-08-15,271,1,8,3
2023-08-16,299,2,8,3
2023-08-17,293,3,8,3
2023-08-18,298,4,8,3
2023-08-19,298,5,8,3
2023-08-20,162,6,8,3
2023-08-21,252,0,8,3
2023-08-22,262,1,8,3
2023-08-23,259,2,8,3
2023-08-24,268,3,8,3
2023-08-25,285,4,8,3
2023-08-26,282,5,8,3
2023-08-27,164,6,8,3
2023-08-28,238,0,8,3
2023-08-29,244,1,8,3
2023-08-30,236,2,8,3
2023-08-31,239,3,8,3
2023-09-01,254,4,9,3
2023-09-02,263,5,9,3
2023-09-03,152,6,9,3
2023-09-04,233,0,9,3
2023-09-05,227,1,9,3
2023-09-06,238,2,9,3
2023-09-07,242,3,9,3
2023-09-08,237,4,9,3
2023-09-09,240,5,9,3
2023-09-10,135,6,9,3
2023-09-11,212,0,9,3
2023-09-12,217,1,9,3
2023-09-13,209,2,9,3
2023-09-14,203,3,9,3
2023-09-15,203,4,9,3
2023-09-16,213,5,9,3
2023-09-17,101,6,9,3
2023-09-18,165,0,9,3
2023-09-19,169,1,9,3
2023-09-20,173,2,9,3
2023-09-21,183,3,9,3
2023-09-22,171,4,9,3
2023-09-23,179,5,9,3
2023-09-24,110,6,9,3
2023-09-25,153,0,9,3
2023-09-26,163,1,9,3
2023-09-27,162,2,9,3
2023-09-28,168,3,9,3
2023-09-29,178,4,9,3
2023-09-30,189,5,9,3
2023-10-01,115,6,10,4
2023-10-02,268,0,10,4
2023-10-03,217,1,10,4
2023-10-04,231,2,10,4
2023-10-05,213,3,10,4
2023-10-06,212,4,10,4
2023-10-07,221,5,10,4
2023-10-08,77,6,10,4
2023-10-09,132,0,10,4
2023-10-10,114,1,10,4
2023-10-11,105,2,10,4
2023-10-12,103,3,10,4
2023-10-13,106,4,10,4
2023-10-14,112,5,10,4
2023-10-15,49,6,10,4
2023-10-16,86,0,10,4
2023-10-17,86,1,10,4
2023-10-18,101,2,10,4
2023-10-19,103,3,10,4
2023-10-20,102,4,10,4
2023-10-21,107,5,10,4
2023-10-22,40,6,10,4
2023-10-23,55,0,10,4
2023-10-24,64,1,10,4
2023-10-25,64,2,10,4
2023-10-26,61,3,10,4
2023-10-27,51,4,10,4
2023-10-28,55,5,10,4
2023-10-29,26,6,10,4
2023-10-30,141,0,10,4
2023-10-31,142,1,10,4
2023-11-01,115,2,11,4
2023-11-02,163,3,11,4
2023-11-03,167,4,11,4
2023-11-04,164,5,11,4
2023-11-05,25,6,11,4
2023-11-06,53,0,11,4
2023-11-07,52,1,11,4
2023-11-08,52,2,11,4
2023-11-09,52,3,11,4
2023-11-10,45,4,11,4
2023-11-11,49,5,11,4
2023-11-12,36,6,11,4
2023-11-13,78,0,11,4
2023-11-14,77,1,11,4
2023-11-15,77,2,11,4
2023-11-16,77,3,11,4
2023-11-17,77,4,11,4
2023-11-18,75,5,11,4
2023-11-19,18,6,11,4
2023-11-20,35,0,11,4
2023-11-21,51,1,11,4
2023-11-22,47,2,11,4
2023-11-23,41,3,11,4
2023-11-24,41,4,11,4
2023-11-25,51,5,11,4
2023-11-26,14,6,11,4
2023-11-27,30,0,11,4
2023-11-28,33,1,11,4
2023-11-29,33,2,11,4
2023-11-30,37,3,11,4
2023-12-01,42,4,12,4
2023-12-02,50,5,12,4
2023-12-03,10,6,12,4
2023-12-04,41,0,12,4
2023-12-05,47,1,12,4
2023-12-06,53,2,12,4
2023-12-07,51,3,12,4
2023-12-08,57,4,12,4
2023-12-09,65,5,12,4
2023-12-10,38,6,12,4
2023-12-11,56,0,12,4
2023-12-12,64,1,12,4
2023-12-13,60,2,12,4
2023-12-14,64,3,12,4
2023-12-15,62,4,12,4
2023-12-16,63,5,12,4
2023-12-17,19,6,12,4
2023-12-18,43,0,12,4
2023-12-19,51,1,12,4
2023-12-20,58,2,12,4
2023-12-21,60,3,12,4
2023-12-22,78,4,12,4
2023-12-23,85,5,12,4
2023-12-24,60,6,12,4
2023-12-25,60,0,12,4
2023-12-26,60,1,12,4
2023-12-27,213,2,12,4
2023-12-28,211,3,12,4
2023-12-29,208,4,12,4
